,satisfaction_score,likelihood_score,num_types_preferred,num_purchase_factors,num_marketing_channels
satisfaction_score,1.0,-0.22509184543322466,-0.13387265536148232,-0.21069615661365013,-0.24307907276445356
likelihood_score,-0.22509184543322466,1.0,0.06831279705471731,0.17750924002067095,0.24142130017120125
num_types_preferred,-0.13387265536148232,0.06831279705471731,1.0,0.5976426316068599,0.3181159177273186
num_purchase_factors,-0.21069615661365013,0.17750924002067095,0.5976426316068599,1.0,0.48350474972768354
num_marketing_channels,-0.24307907276445356,0.24142130017120125,0.3181159177273186,0.48350474972768354,1.0
